Category,Subcategory,Title,Author
American History,,"A History of the American People: The Classic Narrative History of the United States told through Letters, Diaries, and Conversations",Paul  Johnson
American History,,A Patriot's History of the United States: From Columbus's Great Discovery to the War on Terror,Larry Schweikart
American History,,The American Patriot's Almanac,William J. Bennett
American History,20th Century,"America Ascendant: From Theodore Roosevelt to FDR in the Century of American Power, 1901-1945",Sean Dennis Cashman
American History,20th Century,Great Society: A New History,Amity Shlaes
American History,Antebellum,The Rise and Fall of the American Whig Party: Jacksonian Politics and the Onset of the Civil War,Michael F. Holt
American History,Antebellum,"What Hath God Wrought: The Transformation of America, 1815 - 1848",Daniel Walker Howe
American History,Civil War,Battle Cry of Freedom: The Civil War Era,James M. McPherson
American History,Civil War,Clouds of Glory: The Life and Legend of Robert E. Lee,Michael Korda
American History,Civil War,The Civil War in 50 Objects,Harold Holzer
American History,Cold War,Blacklisted by History: The Untold Story of Senator Joe McCarthy and His Fight Against America's Enemies,M. Stanton Evans
American History,Colonial,"Crucible of War: The Seven Years' War and the Fate of Empire in British North America, 1754 - 1766",Fred  Anderson
American History,Colonial,"Roger Williams and the Creation of the American Soul: Church, State, and the Birth of Liberty",John M. Barry
American History,Constitution,America's Constitution: A Biography,Akhil Reed Amar
American History,Constitution,"Miracle at Philadelphia: The Story of the Constitutional Convention, May to September 1787",Catherine Drinker Bowen
American History,Constitution,The Anti-Federalist Papers and the Constitutional Convention Debates,Ralph Louis Ketcham
American History,Constitution,The Constitution of the United States of America and Selected Writings of the Founding Fathers,Various
American History,Constitution,The Federalist,Alexander Hamilton
American History,Constitution,The Heritage Guide to the Constitution,Edwin Meese III
American History,Constitution,The Making of America: The Substance and Meaning of the Constitution,W. Cleon Skousen
American History,Coolidge,Coolidge,Amity Shlaes
American History,Documents,American Historical Documents 1000 to 1904: Part 43 Harvard Classics,Charles William Eliot
American History,Documents,Our Nation's Archive: The History of the United States in Documents,Erik Bruun
American History,Epidemics,"The American Plague: The Untold Story of Yellow Fever, the Epidemic that Shaped Our History",Molly Caldwell Crosby
American History,FDR,FDR,Jean Edward Smith
American History,Founders,Alexander Hamilton,Ron Chernow
American History,Founders,Benjamin Franklin: An American Life,Walter Isaacson
American History,Founders,James Madison: A Biography,Ralph Louis Ketcham
American History,Founders,Jefferson: Architect of American Liberty,John B. Boles
American History,Founders,Thomas Jefferson: Writings,Thomas Jefferson
American History,Founding,City upon a Hill The Legacy of America's Founding,Frank W. Fox
American History,Founding,Founding Mothers,Cokie Roberts
American History,Founding,John Adams,David McCullough
American History,Founding,"The First Congress: How James Madison, George Washington, and a Group of Extraordinary Men Invented the Government",Fergus M. Bordewich
American History,Founding,"The Quartet: Orchestrating the Second American Revolution, 1783-1789",Joseph J. Ellis
American History,Founding Fathers,The First American: The Life and Times of Benjamin Franklin,H.W. Brands
American History,Franklin,The Autobiography of Benjamin Franklin,Benjamin Franklin
American History,Frontier,Pioneer Women: Voices from the Kansas Frontier,Joanna L. Stratton
American History,Grant,American Ulysses: A Life of Ulysses S. Grant,Ronald C. White Jr.
American History,Great Depression,The Forgotten Man: A New History of the Great Depression,Amity Shlaes
American History,Jackson,Andrew Jackson: His Life and Times,H.W. Brands
American History,Jackson,The Life of Andrew Jackson,Marquis James
American History,Korean War,The Coldest Winter: America and the Korean War,David Halberstam
American History,LDS Education,The spirit of Ricks: A history of Ricks College,David Lester Crowder
American History,Law,A History of American Law,Lawrence M. Friedman
American History,Lincoln,Team of Rivals: The Political Genius of Abraham Lincoln,Doris Kearns Goodwin
American History,McKinley,President McKinley: Architect of the American Century,Robert W. Merry
American History,Middle East,"Power, Faith, and Fantasy: America in the Middle East 1776 to the Present",Michael B. Oren
American History,Mormon History,"Great Basin Kingdom: An Economic History of the Latter-day Saints, 1830-1900",Leonard J. Arrington
American History,Native Americans,"America's Fascinating Indian Heritage: The First Americans: Their Customs, Art, History and How They Lived",Reader's Digest Association
American History,New York City,Gotham: A History of New York City to 1898,Edwin G. Burrows
American History,Oklahoma City,"Boom Town: The Fantastical Saga of Oklahoma City, Its Chaotic Founding, Its Apocalyptic Weather, Its Purloined Basketball Team, and the Dream of Becoming a World-class Metropolis",Sam Anderson
American History,Revolution,1776,David McCullough
American History,Revolution,"John Paul Jones: Sailor, Hero, Father of the American Navy",Evan Thomas
American History,Revolution,Patrick Henry: Champion of Liberty,Jon Kukla
American History,Revolution,"The Glorious Cause: The American Revolution, 1763-1789 (Oxford History of the United States)",Robert Middlekauff
American History,Theodore Roosevelt,T.R.: The Last Romantic,H.W. Brands
American History,Theodore Roosevelt,"Theodore Rex  (Theodore Roosevelt, #2)",Edmund  Morris
American History,Utah,"Founding Fort Utah: Provo's Native Inhabitants, Early Explorers, and First Year of Settlement",D. Robert Carter
American History,WWII,Flags of Our Fathers,James D. Bradley
American History,WWII,"Unbroken: A World War II Story of Survival, Resilience and Redemption",Laura Hillenbrand
American History,War of 1812,1812: The War That Forged a Nation,Walter R. Borneman
American History,Washington,Washington,Douglas Southall Freeman
Biography/Memoir,,Naturally Tan,Tan France
Biography/Memoir,Malala,I Am Malala: The Story of the Girl Who Stood Up for Education and Was Shot by the Taliban,Malala Yousafzai
Biography/Memoir,Military,"By Honor Bound: Two Navy SEALs, the Medal of Honor, and a Story of Extraordinary Courage",Tom Norris
Biography/Memoir,Princess Diana,Diana: Her True Story in Her Own Words,Andrew Morton
Biography/Memoir,Royalty,The Queen Mother: The Official Biography,William Shawcross
Biography/Memoir,TV,The Answer Is…: Reflections on My Life,Alex Trebek
Business/Economics,,Trump: The Art of the Deal,Donald J. Trump
Business/Economics,,"Trump: Think Like a Billionaire: Everything You Need to Know About Success, Real Estate, and Life",Donald J. Trump
Business/Economics,Carnegie,Andrew Carnegie,David Nasaw
Business/Economics,Classic economics,The Wealth of Nations,Adam Smith
Business/Economics,Economic History,The Wealth and Poverty of Nations: Why Some Are So Rich and Some So Poor,David S. Landes
Business/Economics,Economics,Basic Economics: A Citizen's Guide to the Economy,Thomas Sowell
Business/Economics,Economics,Economics and Public Policy: An Analytical Approach,James R. Kearl
Business/Economics,Economics,The Bastiat Collection,Frédéric Bastiat
Business/Economics,Enron,The Smartest Guys in the Room: The Amazing Rise and Scandalous Fall of Enron,Bethany McLean
Business/Economics,Federal Reserve,Fed Up: An Insider's Take on Why the Federal Reserve is Bad for America,Danielle DiMartino Booth
Business/Economics,Federal Reserve,The Creature from Jekyll Island: A Second Look at the Federal Reserve,G. Edward Griffin
Business/Economics,Financial Crisis,Too Big to Fail: The Inside Story of How Wall Street and Washington Fought to Save the Financial System from Crisis — and Themselves,Andrew Ross Sorkin
Business/Economics,Financial History,Lords of Finance: The Bankers Who Broke the World,Liaquat Ahamed
Business/Economics,Friedman,Free to Choose: A Personal Statement,Milton Friedman
Business/Economics,Hayek,"The Road to Serfdom / Text and Documents, The Definitive Edition",Friedrich A. Hayek
Business/Economics,Investing,A Random Walk Down Wall Street: The Time-Tested Strategy for Successful Investing,Burton G. Malkiel
Business/Economics,J.P. Morgan,Morgan: American Financier,Jean Strouse
Business/Economics,Management,Good to Great: Why Some Companies Make the Leap... and Others Don't,Jim Collins
Business/Economics,Management,Principles: Life and Work,Ray Dalio
Business/Economics,Management,The Five Dysfunctions of a Team,Patrick Lencioni
Business/Economics,Marriott,Bill Marriott: Success Is Never Final--his Life and the Decisions That Built a Hotel Empire,Dale Van Atta
Business/Economics,Memoir,Barefoot to Billionaire: Reflections on a Life's Work and a Promise to Cure Cancer,Jon M. Huntsman Sr.
Business/Economics,Monetary Policy,End the Fed,Ron Paul
Business/Economics,Nike,Shoe Dog: A Memoir by the Creator of Nike,Phil Knight
Business/Economics,Oil Industry,Breaking Rockefeller: The Incredible Story of the Ambitious Rivals Who Toppled an Oil Empire,Peter B. Doran
Business/Economics,Personal Finance,The Millionaire Next Door: The Surprising Secrets of America's Wealthy,Thomas J. Stanley
Business/Economics,Personal Finance,The Total Money Makeover: A Proven Plan for Financial Fitness,Dave Ramsey
Business/Economics,Pixar,"Creativity, Inc.: Overcoming the Unseen Forces That Stand in the Way of True Inspiration",Ed Catmull
Business/Economics,Real Estate,Appraising Real Property,Byrl N. Boyce
Business/Economics,Real Estate Law,"Real Estate Transactions: Problems, Cases, and Materials",Robin Paul Malloy
Business/Economics,Risk/Finance,Against the Gods: The Remarkable Story of Risk,Peter L. Bernstein
Business/Economics,Steve Jobs,Steve Jobs,Walter Isaacson
Business/Economics,Tax Policy,The FairTax Book: Saying Goodbye to the Income Tax and the IRS,Neal Boortz
Business/Economics,Tesla,Ludicrous: The Unvarnished Story of Tesla Motors,Edward Niedermeyer
Business/Economics,Trade Policy,American Trade Politics,I.M. Destler
Business/Economics,Video games,Super Mario: How Nintendo Conquered America,Jeff   Ryan
Business/Economics,Wall Street,Barbarians at the Gate: The Fall of RJR Nabisco,Bryan Burrough
Business/Economics,Wall Street,Flash Boys: A Wall Street Revolt,Michael   Lewis
Business/Economics,Wall Street,Liar's Poker,Michael   Lewis
Children's Books,,"Skating Shoes (Shoes, #7)",Noel Streatfeild
Children's Books,,The Tale of Despereaux,Kate DiCamillo
Children's Books,Anthology,Reader's Digest Great Stories for Young Readers,Reader's Digest Association
Children's Books,Anthology,True Heroes: A Treasury of Modern-day Fairy Tales Written by Best-Selling Authors,Jonathan Diaz
Children's Books,Classic,"Anne of Green Gables (Anne of Green Gables, #1)",L.M. Montgomery
Children's Books,Classic,"Peter Pan (Peter Pan, #2)",J.M. Barrie
Children's Books,Classic,The Secret Garden,Frances Hodgson Burnett
Children's Books,Classic,"Through the Looking-Glass and What Alice Found There (Alice's Adventures in Wonderland, #2)",Lewis Carroll
Children's Books,Dahl,Roald Dahl Omnibus: Charlie and the Chocolate Factory / James and the Giant Peach / Fantastic Mr Fox,Roald Dahl
Children's Books,Dear America,Across the Wide and Lonesome Prairie: The Oregon Trail Diary of Hattie Campbell (Dear America),Kristiana Gregory
Children's Books,Fablehaven,"Fablehaven (Fablehaven, #1)",Brandon Mull
Children's Books,Fablehaven,"Grip of the Shadow Plague (Fablehaven, #3)",Brandon Mull
Children's Books,Fablehaven,"Keys to the Demon Prison (Fablehaven, #5)",Brandon Mull
Children's Books,Fablehaven,"Rise of the Evening Star (Fablehaven, #2)",Brandon Mull
Children's Books,Fablehaven,"Secrets of the Dragon Sanctuary (Fablehaven, #4)",Brandon Mull
Children's Books,Fairy tales,Hans Christian Andersen's Complete Fairy Tales (Leather-bound Classics),Hans Christian Andersen
Children's Books,Fantasy,"Dragon Rider (Dragon Rider, #1)",Cornelia Funke
Children's Books,Fantasy,"Magyk (Septimus Heap, #1)",Angie Sage
Children's Books,Fantasy,"Master of the Phantom Isle (Dragonwatch, #3)",Brandon Mull
Children's Books,Fantasy,"The Forgotten Sisters (Princess Academy, #3)",Shannon Hale
Children's Books,Fantasy,The Graveyard Book,Neil Gaiman
Children's Books,Fantasy,"Wrath of the Dragon King (Dragonwatch, #2)",Brandon Mull
Children's Books,Judy Blume,"Here's to You, Rachel Robinson",Judy Blume
Children's Books,MG Fantasy,"Peter and the Secret of Rundoon (Peter and the Starcatchers, #3)",Dave Barry
Children's Books,Middle Grade,Dear Pen Pal,Heather Vogel Frederick
Children's Books,Middle Grade,Every Soul a Star,Wendy Mass
Children's Books,Middle Grade,Home for the Holidays,Heather Vogel Frederick
Children's Books,Middle Grade,"Luv Ya Bunches (Flower Power, #1)",Lauren Myracle
Children's Books,Middle Grade,Mother-Daughter Book Camp,Heather Vogel Frederick
Children's Books,Middle Grade,Much Ado About Anne,Heather Vogel Frederick
Children's Books,Middle Grade,"Palace of Stone (Princess Academy, #2)",Shannon Hale
Children's Books,Middle Grade,Pies & Prejudice,Heather Vogel Frederick
Children's Books,Middle Grade,"Princess Academy (Princess Academy, #1)",Shannon Hale
Children's Books,Middle Grade,Ruby Holler: The Carnegie Medal-Winning Tale of Two Orphans Finding Home for children (Ages 8-12),Sharon Creech
Children's Books,Middle Grade,The Boy on Cinnamon Street,Phoebe Stone
Children's Books,Middle Grade,The Mother-Daughter Book Club,Heather Vogel Frederick
Children's Books,Middle Grade,"The Romeo and Juliet Code (Felicity Bathburn, #1)",Phoebe Stone
Children's Books,Middle Grade,Waiting for Normal,Leslie Connor
Children's Books,Middle Grade,Wish You Were Eyre,Heather Vogel Frederick
Children's Books,Middle grade,"Stargirl (Stargirl, #1)",Jerry Spinelli
Children's Books,Nancy Drew,"The Hidden Staircase (Nancy Drew Mystery Stories, #2)",Carolyn Keene
Children's Books,Nancy Drew,"The Secret of the Old Clock (Nancy Drew Mystery Stories, #1)",Carolyn Keene
Children's Books,Oz,"The Wonderful Wizard of Oz (Oz, #1)",L. Frank Baum
Children's Books,Roald Dahl,The BFG,Roald Dahl
Children's Books,Sports,"Decoy Saves Opening Day: A Bestselling Sports Picture Book about Shohei Ohtani's Dog, for Kids (Ages 4-8)",Shohei Ohtani
Children's Books,Sports,Shohei Ohtani: A Little Golden Book Biography,Nicole de las Heras
Children's Books,YA,"Princess Lessons (The Princess Diaries, #4.1)",Meg Cabot
Classic Fiction,,"Daddy-Long-Legs (Daddy-Long-Legs, #1)",Jean Webster
Classic Fiction,,Don Quixote,Miguel de Cervantes Saavedra
Classic Fiction,,Lord of the Flies,William Golding
Classic Fiction,,The Catcher in the Rye,J.D. Salinger
Classic Fiction,,The Great Gatsby,F. Scott Fitzgerald
Classic Fiction,,"The Last of the Mohicans (The Leatherstocking Tales, #2)",James Fenimore Cooper
Classic Fiction,,To Kill a Mockingbird,Harper Lee
Classic Fiction,African Lit,"Things Fall Apart (The African Trilogy, #1)",Chinua Achebe
Classic Fiction,Alcott,"Little Women (Little Women, #1)",Louisa May Alcott
Classic Fiction,Austen,Emma,Jane Austen
Classic Fiction,Austen,Mansfield Park,Jane Austen
Classic Fiction,Austen,Northanger Abbey,Jane Austen
Classic Fiction,Austen,Persuasion,Jane Austen
Classic Fiction,Austen,Pride and Prejudice,Jane Austen
Classic Fiction,Austen,Sense and Sensibility,Jane Austen
Classic Fiction,Austrian,Lieutenant Gustl (Sun & Moon Classics),Arthur Schnitzler
Classic Fiction,Brontë,Wuthering Heights,Emily Brontë
Classic Fiction,Dickens,A Christmas Carol,Charles Dickens
Classic Fiction,Dickens,A Tale of Two Cities,Charles Dickens
Classic Fiction,Dickens,David Copperfield,Charles Dickens
Classic Fiction,Dickens,Great Expectations,Charles Dickens
Classic Fiction,Dickens,Oliver Twist,Charles Dickens
Classic Fiction,Drama,"Anton Chekhov Plays, Franklin Library","Julien's Auctions,"
Classic Fiction,Dumas,The Count of Monte Cristo,Alexandre Dumas
Classic Fiction,Eliot,Middlemarch,George Eliot
Classic Fiction,Eliot,Scenes of Clerical Life,George Eliot
Classic Fiction,Essays,Autocrat of the Breakfast Table,Oliver Wendell Holmes Sr.
Classic Fiction,Faulkner,The Sound and the Fury,William Faulkner
Classic Fiction,Gothic horror,Dracula,Bram Stoker
Classic Fiction,Greek Drama,"Greek Tragedies, Volume 1: Aeschylus: Agamemnon, Prometheus Bound; Sophocles: Oedipus the King, Antigone; Euripides: Hippolytus",David Grene
Classic Fiction,Hemingway,For Whom the Bell Tolls,Ernest Hemingway
Classic Fiction,Hemingway,The Old Man and the Sea,Ernest Hemingway
Classic Fiction,Hemingway,The Short Stories of Ernest Hemingway,Ernest Hemingway
Classic Fiction,Hesse,Siddhartha,Hermann Hesse
Classic Fiction,Hugo,Les Misérables,Victor Hugo
Classic Fiction,Kipling,The Man Who Would Be King,Rudyard Kipling
Classic Fiction,Melville,"Moby-Dick or, The Whale",Herman Melville
Classic Fiction,Proust,"Swann’s Way (In Search of Lost Time, #1)",Marcel Proust
Classic Fiction,Rand,Atlas Shrugged,Ayn Rand
Classic Fiction,Rand,The Fountainhead,Ayn Rand
Classic Fiction,Russian,Anna Karenina,Leo Tolstoy
Classic Fiction,Russian,Crime and Punishment,Fyodor Dostoevsky
Classic Fiction,Russian,Doctor Zhivago,Boris Pasternak
Classic Fiction,Russian,Fathers and Sons,Ivan Turgenev
Classic Fiction,Russian,War and Peace,Leo Tolstoy
Classic Fiction,Satire,Gulliver’s Travels,Jonathan Swift
Classic Fiction,Shakespeare,Henry V,William Shakespeare
Classic Fiction,Shakespeare,The Collected Works of William Shakespeare: PergamonMedia,William Shakespeare
Classic Fiction,Shakespeare,William Shakespeare: Complete Plays,William Shakespeare
Classic Fiction,Steinbeck,The Grapes of Wrath,John Steinbeck
Classic Fiction,Twain,"The Adventures of Huckleberry Finn (Adventures of Tom and Huck, #2)",Mark Twain
Classic Fiction,Twain,The Adventures of Tom Sawyer,Mark Twain
Classic Fiction,Voltaire,Candide,Voltaire
Classic Fiction,Voltaire,"Candide, Zadig and Selected Stories",Voltaire
Classic Fiction,WWI,All Quiet on the Western Front,Erich Maria Remarque
Classic Fiction,War Anthology,Men at War,Ernest Hemingway
Classic Fiction,Wilde,The Picture of Dorian Gray,Oscar Wilde
European History,19th Century,The Pursuit of Power: Europe 1815 - 1914,Richard J. Evans
European History,Abolition,Amazing Grace: William Wilberforce and the Heroic Campaign to End Slavery,Eric Metaxas
European History,Alexander,The Landmark Arrian: The Campaigns of Alexander,Arrian
European History,Ancient,Plutarch’s Lives (Volumes I and II),Plutarch
European History,Ancient Greece,A History of Greece to the Death of Alexander the Great,John Bagnell Bury
European History,Ancient Greece,History of the Peloponnesian War,Thucydides
European History,Ancient Rome,The Histories,Tacitus
European History,British monarchy,The Oxford Illustrated History of the British Monarchy,John Cannon
European History,Byzantine,"Justinian: Emperor, Soldier, Saint",Peter Sarris
European History,Catholic Church,How the Catholic Church Built Western Civilization,Thomas E. Woods Jr.
European History,Constantinople,1453: The Holy War for Constantinople and the Clash of Islam and the West,Roger Crowley
European History,Crusades,Crusaders: The Epic History of the Wars for the Holy Lands,Dan Jones
European History,Crusades,God's War: A New History of the Crusades,Christopher Tyerman
European History,Crusades,The Crusades: A Short Story,Jonathan Riley-Smith
European History,Crusades,The Templars: The Rise and Spectacular Fall of God's Holy Warriors,Dan Jones
European History,England,A Shortened History of England,George Macaulay Trevelyan
European History,England,Offshore Islanders: A History of the English People,Paul  Johnson
European History,England,The Battlefields of England,Alfred H. Burne
European History,Enlightenment,The Enlightenment: The Pursuit of Happiness 1680-1790,Ritchie Robertson
European History,France,The General: Charles De Gaulle and the France He Saved,Jonathan Fenby
European History,French Revolution,A Concise History of the French Revolution (Critical Issues in World and International History),Sylvia Neely
European History,French Revolution,A New World Begins: The History of the French Revolution,Jeremy D. Popkin
European History,Germany,Germany: A New History,Hagen Schulze
European History,Holocaust,Ordinary Men: Reserve Police Battalion 101 and the Final Solution in Poland,Christopher R. Browning
European History,Holocaust,Underground in Berlin: A Young Woman's Extraordinary Tale of Survival in the Heart of Nazi Germany,Marie Jalowicz Simon
European History,Medieval,A Distant Mirror: The Calamitous 14th Century,Barbara W. Tuchman
European History,Medieval,The Encyclopedia of the Middle Ages,Norman F. Cantor
European History,Medieval England,Magna Carta: The Birth of Liberty,Dan Jones
European History,Napoleon,Napoleon: A Life,Andrew Roberts
European History,Naval,Cochrane: The Real Master and Commander,David Cordingly
European History,Nazi Germany,Goebbels: A Biography,Peter Longerich
European History,Nazi Germany,Hitler and Nazism,Louis L. Snyder
European History,Nazi Germany,"Hitler: Legend, Myth and Reality",Werner Maser
European History,Nazi Germany,Inside the Third Reich,Albert Speer
European History,Nazi Germany,The History of the SS,G.S. Graber
European History,Nazi Germany,The Third Reich: A New History,Michael Burleigh
European History,Norman Conquest,1066: The Year of the Conquest,David Howarth
European History,Renaissance,The Renaissance: A Short History,Paul  Johnson
European History,Rome,"The History of the Decline and Fall of the Roman Empire, Vol 5: Justinian and the Roman Law",Edward Gibbon
European History,Rome,"The History of the Decline and Fall of the Roman Empire, Vol 6; Mohammed and the Rise of the Arabs",Edward Gibbon
European History,Rome,"The History of the Decline and Fall of the Roman Empire, Vol 7: The Normans in Italy and the Crusades",Edward Gibbon
European History,Rome,"The History of the Decline and Fall of the Roman Empire, Vol 8: The Fall of Constantinople and the Papacy in Rome",Edward Gibbon
European History,Rome,The History of the Decline and Fall of the Roman Empire: Vol. 1: The Turn of the Tide,Edward Gibbon
European History,Russia,Catherine the Great: Portrait of a Woman,Robert K. Massie
European History,Russia,Lenin the Dictator,Victor Sebestyen
European History,Russia,Peter the Great: His Life and World,Robert K. Massie
European History,Russia,The Prince of Princes: The Life of Potemkin,Simon Sebag Montefiore
European History,Soviet,The Gulag Archipelago [Volume 1]: An Experiment in Literary Investigation,Aleksandr Solzhenitsyn
European History,Soviet,"The Gulag Archipelago, 1918-1956: An Experiment in Literary Investigation, Books III-IV",Aleksandr Solzhenitsyn
European History,Soviet,"The Gulag Archipelago, 1918-1956: An Experiment in Literary Investigation, Books V-VII",Aleksandr Solzhenitsyn
European History,Soviet Union,The Gulag Archipelago 1918–1956 (Abridged),Aleksandr Solzhenitsyn
European History,Soviet Union,The Rise and Fall of the Soviet Empire,Brian Crozier
European History,Spanish Armada,The Confident Hope of a Miracle: The True History of the Spanish Armada,Neil Hanson
European History,Tudors,The Life of Elizabeth I,Alison Weir
European History,Tudors,The Six Wives of Henry VIII,Alison Weir
European History,Vienna,Fin-de-Siècle Vienna: Politics and Culture,Carl E. Schorske
European History,Vikings,A History of the Vikings,Gwyn Jones
European History,WWI,Pandora’s Box: A History of the First World War,Jörn Leonhard
European History,WWII,Memoirs of the Second World War,Winston S. Churchill
European History,WWII aviation,"The Luftwaffe: Creating the Operational Air War, 1918-1940",James S. Corum
European History,Wales,A History of Wales,John Davies
Fantasy,,Everfont,Alexander Rob
Fantasy,,The Gift of Marmidon (Aodh Generations #1),Tiffany M. Rhys
Fantasy,Anthology,The Classic Fantasy Collection,Arcturus Publishing
Fantasy,Arthurian,Sir Gawain And The Green Knight (A Tolkien Miscellany #5),Gawain Poet
Fantasy,Arthurian,The story of King Arthur and the knights of the table round; for boys and girls 1900 [Leather Bound],Edward Brooks
Fantasy,Brandon Mull,"The Candy Shop War (The Candy Shop War, #1)",Brandon Mull
Fantasy,Comics,Batman: The Golden Age Omnibus Vol. 3,Bill Finger
Fantasy,Comics,"The Amazing Spider-Man Omnibus, Vol. 1",Stan Lee
Fantasy,Comics,"The Amazing Spider-Man Omnibus, Vol. 3",Stan Lee
Fantasy,Comics,"The Amazing Spider-Man Omnibus, Vol. 5",Gerry Conway
Fantasy,Discworld,"Equal Rites (Discworld, #3; Witches, #1)",Terry Pratchett
Fantasy,Discworld,"Mort (Discworld, #4; Death, #1)",Terry Pratchett
Fantasy,Discworld,"Sourcery (Discworld, #5; Rincewind, #3)",Terry Pratchett
Fantasy,Discworld,"The Color of Magic (Discworld, #1; Rincewind, #1)",Terry Pratchett
Fantasy,Discworld,"The Light Fantastic (Discworld, #2; Rincewind, #2)",Terry Pratchett
Fantasy,Dragonwatch,"Dragonwatch (Dragonwatch, #1)",Brandon Mull
Fantasy,Dragonwatch,Legend of the Dragon Slayer: The Origin Story of Dragonwatch (Dragonwatch),Brandon Mull
Fantasy,Dragonwatch,"Return of the Dragon Slayers (Dragonwatch, #5)",Brandon Mull
Fantasy,Epic,"A Game of Thrones (A Song of Ice and Fire, #1)",George R.R. Martin
Fantasy,Fairy Tale,"Dragon Flight (Dragon Slippers, #2)",Jessica Day George
Fantasy,Fairy Tale,"Dragon Slippers (Dragon Slippers, #1)",Jessica Day George
Fantasy,Fairy Tale,"Ella Enchanted (Ella Enchanted, #1)",Gail Carson Levine
Fantasy,Fairy Tale,Fairest,Gail Carson Levine
Fantasy,Fairy Tale,"Just Ella (The Palace Chronicles, #1)",Margaret Peterson Haddix
Fantasy,Fairy Tale,"Palace of Mirrors (The Palace Chronicles, #2)",Margaret Peterson Haddix
Fantasy,Fairy Tale,"Princess of the Midnight Ball (The Princesses of Westfalin Trilogy, #1)",Jessica Day George
Fantasy,Fairy Tale,"Sun and Moon, Ice and Snow",Jessica Day George
Fantasy,Fairy Tale,The Princess and the Hound (The Hound Saga #1),Mette Ivie Harrison
Fantasy,First Law,"The Blade Itself (The First Law, #1)",Joe Abercrombie
Fantasy,Flintlock,"Promise of Blood (Powder Mage, #1)",Brian  McClellan
Fantasy,Harry Potter,"Harry Potter and the Chamber of Secrets (Harry Potter, #2)",J.K. Rowling
Fantasy,Harry Potter,"Harry Potter and the Deathly Hallows (Harry Potter, #7)",J.K. Rowling
Fantasy,Harry Potter,"Harry Potter and the Goblet of Fire (Harry Potter, #4)",J.K. Rowling
Fantasy,Harry Potter,"Harry Potter and the Half-Blood Prince (Harry Potter, #6)",J.K. Rowling
Fantasy,Harry Potter,"Harry Potter and the Order of the Phoenix (Harry Potter, #5)",J.K. Rowling
Fantasy,Harry Potter,"Harry Potter and the Prisoner of Azkaban (Harry Potter, #3)",J.K. Rowling
Fantasy,Harry Potter,"Harry Potter and the Sorcerer's Stone (Harry Potter, #1)",J.K. Rowling
Fantasy,Horror,The Complete Works of H.P. Lovecraft,H.P. Lovecraft
Fantasy,Mistborn,"Mistborn: The Final Empire (Mistborn, #1)",Brandon Sanderson
Fantasy,Mistborn,"Shadows of Self (Mistborn, #5)",Brandon Sanderson
Fantasy,Mistborn,"The Alloy of Law (Mistborn, #4)",Brandon Sanderson
Fantasy,Mistborn,"The Bands of Mourning (Mistborn, #6)",Brandon Sanderson
Fantasy,Mistborn,"The Hero of Ages (The Mistborn Saga, #3)",Brandon Sanderson
Fantasy,Mistborn,"The Lost Metal (Mistborn, #7)",Brandon Sanderson
Fantasy,Mistborn,"The Well of Ascension (Mistborn, #2)",Brandon Sanderson
Fantasy,Narnia,"Prince Caspian (Chronicles of Narnia, #2)",C.S. Lewis
Fantasy,Narnia,"The Horse and His Boy (Chronicles of Narnia, #5)",C.S. Lewis
Fantasy,Narnia,"The Last Battle (Chronicles of Narnia, #7)",C.S. Lewis
Fantasy,Narnia,"The Lion, the Witch and the Wardrobe (Chronicles of Narnia, #1)",C.S. Lewis
Fantasy,Narnia,"The Magician’s Nephew (Chronicles of Narnia, #6)",C.S. Lewis
Fantasy,Narnia,"The Silver Chair (Chronicles of Narnia, #4)",C.S. Lewis
Fantasy,Narnia,"The Voyage of the Dawn Treader (Chronicles of Narnia, #3)",C.S. Lewis
Fantasy,Oz,"Wicked: The Life and Times of the Wicked Witch of the West (The Wicked Years, #1)",Gregory Maguire
Fantasy,Percy Jackson,"The Lightning Thief (Percy Jackson and the Olympians, #1)",Rick Riordan
Fantasy,Percy Jackson,"The Sea of Monsters (Percy Jackson and the Olympians, #2)",Rick Riordan
Fantasy,Progression,"Unsouled (Cradle, #1)",Will Wight
Fantasy,Sanderson,"Elantris (Elantris, #1)",Brandon Sanderson
Fantasy,Sanderson,"Oathbringer (The Stormlight Archive, #3)",Brandon Sanderson
Fantasy,Sanderson,"Rhythm of War (The Stormlight Archive, #4)",Brandon Sanderson
Fantasy,Sanderson,"The Rithmatist (The Rithmatist, #1)",Brandon Sanderson
Fantasy,Sanderson,The Sunlit Man (Cosmere),Brandon Sanderson
Fantasy,Sanderson,"The Way of Kings (The Stormlight Archive, #1)",Brandon Sanderson
Fantasy,Sanderson,"Tress of the Emerald Sea (Hoid's Travails, #1)",Brandon Sanderson
Fantasy,Sanderson,Warbreaker,Brandon Sanderson
Fantasy,Sanderson,"Words of Radiance (The Stormlight Archive, #2)",Brandon Sanderson
Fantasy,Tolkien,A Dictionary of Tolkien (Tolkien Illustrated Guides),David Day
Fantasy,Tolkien,"Illustrated World of Tolkien: The Second Age - Tolkien Reference Book for All Ages, Illustrated Lord of the Rings Guide",David Day
Fantasy,Tolkien,J.R.R. Tolkien: A Biography,Humphrey Carpenter
Fantasy,Tolkien,"Morgoth's Ring (The History of Middle-Earth, #10)",J.R.R. Tolkien
Fantasy,Tolkien,"Sauron Defeated: The History of The Lord of the Rings, Part Four (The History of Middle-Earth, #9)",J.R.R. Tolkien
Fantasy,Tolkien,The Battles of Tolkien,David Day
Fantasy,Tolkien,"The Book of Lost Tales 1 (The History of Middle-Earth, #1)",J.R.R. Tolkien
Fantasy,Tolkien,"The Book of Lost Tales 2 (The History of Middle-Earth, #2)",J.R.R. Tolkien
Fantasy,Tolkien,The Dark Powers of Tolkien,David Day
Fantasy,Tolkien,The Fall of Gondolin (Middle-Earth Universe),J.R.R. Tolkien
Fantasy,Tolkien,"The Fellowship of the Ring (The Lord of the Rings, #1)",J.R.R. Tolkien
Fantasy,Tolkien,"The Fellowship: The Literary Lives of the Inklings: J.R.R. Tolkien, C.S. Lewis, Owen Barfield, Charles Williams",Philip Zaleski
Fantasy,Tolkien,The Heroes of Tolkien (Tolkien Illustrated Guides),David Day
Fantasy,Tolkien,"The History of Middle Earth Index (The History of Middle-Earth, #13)",J.R.R. Tolkien
Fantasy,Tolkien,"The Hobbit, or There and Back Again",J.R.R. Tolkien
Fantasy,Tolkien,The Hobbits of Tolkien,David Day
Fantasy,Tolkien,"The Lays of Beleriand (The History of Middle-Earth, #3)",J.R.R. Tolkien
Fantasy,Tolkien,"The Lost Road and Other Writings (The History of Middle-Earth, #5)",J.R.R. Tolkien
Fantasy,Tolkien,The Peoples of Middle-Earth (The History of Middle-Earth #12),J.R.R. Tolkien
Fantasy,Tolkien,"The Return of the King (The Lord of the Rings, #3)",J.R.R. Tolkien
Fantasy,Tolkien,"The Return of the Shadow: The History of The Lord of the Rings, Part One (The History of Middle-Earth, #6)",J.R.R. Tolkien
Fantasy,Tolkien,The Ring Legends of Tolkien,David Day
Fantasy,Tolkien,The Shaping of Middle-Earth (The History of Middle-Earth #4),J.R.R. Tolkien
Fantasy,Tolkien,The Silmarillion,J.R.R. Tolkien
Fantasy,Tolkien,"The Treason of Isengard: The History of The Lord of the Rings, Part Two (The History of Middle-Earth, #7)",J.R.R. Tolkien
Fantasy,Tolkien,"The Two Towers (The Lord of the Rings, #2)",J.R.R. Tolkien
Fantasy,Tolkien,"The War of the Jewels (The History of Middle-Earth, #11)",J.R.R. Tolkien
Fantasy,Tolkien,"The War of the Ring: The History of The Lord of the Rings, Part Three (The History of Middle-Earth, #8)",J.R.R. Tolkien
Fantasy,Tolkien,Tolkien: An Illustrated Atlas,David Day
Fantasy,Urban fantasy,"Storm Front (The Dresden Files, #1)",Jim  Butcher
Fantasy,Wheel of Time,"A Crown of Swords (The Wheel of Time, #7)",Robert Jordan
Fantasy,Wheel of Time,"A Memory of Light (The Wheel of Time, #14)",Robert Jordan
Fantasy,Wheel of Time,"Crossroads of Twilight (The Wheel of Time, #10)",Robert Jordan
Fantasy,Wheel of Time,"Knife of Dreams (The Wheel of Time, #11)",Robert Jordan
Fantasy,Wheel of Time,"Lord of Chaos (The Wheel of Time, #6)",Robert Jordan
Fantasy,Wheel of Time,"New Spring (The Wheel of Time, #0)",Robert Jordan
Fantasy,Wheel of Time,The Dragon Reborn (The Wheel of time #3),Robert Jordan
Fantasy,Wheel of Time,"The Eye of the World (The Wheel of Time, #1)",Robert Jordan
Fantasy,Wheel of Time,"The Fires of Heaven (The Wheel of Time, #5)",Robert Jordan
Fantasy,Wheel of Time,"The Gathering Storm (The Wheel of Time, #12)",Robert Jordan
Fantasy,Wheel of Time,The Great Hunt (The Wheel of Time #2),Robert Jordan
Fantasy,Wheel of Time,"The Path of Daggers (The Wheel of Time, #8)",Robert Jordan
Fantasy,Wheel of Time,"The Shadow Rising (The Wheel of Time, #4)",Robert Jordan
Fantasy,Wheel of Time,The World of Robert Jordan's the Wheel of Time,Robert Jordan
Fantasy,Wheel of Time,"Towers of Midnight (The Wheel of Time, #13)",Robert Jordan
Fantasy,Wheel of Time,"Winter's Heart (The Wheel of Time, #9)",Robert Jordan
Fantasy,Witcher,"Baptism of Fire (The Witcher, #3)",Andrzej Sapkowski
Fantasy,Witcher,"Blood of Elves (The Witcher, #1)",Andrzej Sapkowski
Fantasy,Witcher,"Season of Storms (The Witcher, #0.2)",Andrzej Sapkowski
Fantasy,Witcher,"Sword of Destiny (The Witcher, #0.7)",Andrzej Sapkowski
Fantasy,Witcher,"The Last Wish (The Witcher, #0.5)",Andrzej Sapkowski
Fantasy,Witcher,"The Time of Contempt (The Witcher, #2)",Andrzej Sapkowski
Fantasy,Witcher,"The Tower of the Swallow (The Witcher, #4)",Andrzej Sapkowski
Foreign Language,Czech,Opičák Fips má narozeniny,Harald Salfellner
Foreign Language,German,Amerika,Franz Kafka
Foreign Language,German,Das Schloß,Franz Kafka
Foreign Language,German,Der Prozess,Franz Kafka
Foreign Language,German,Die Reformation 1490-1700,Diarmaid MacCulloch
Foreign Language,German,Die Welt von Gestern. Erinnerungen eines Europäers,Stefan Zweig
Foreign Language,German,Dreizehnlinden,Friedrich Wilhelm Weber
Foreign Language,German,Er ist wieder da,Timur Vermes
Foreign Language,German,Freud zum Vergnügen,Ludger Lütkehaus
Foreign Language,German,"Goethe, sein Leben und seine Werke; von dr. Albert Bielschowsky. Volume v.2 1904 [Leather Bound]",Albert Bielschowsky
Foreign Language,German,Herr der Diebe,Cornelia Funke
Foreign Language,German,Hitler - Eine Bilanz,Guido Knopp
Foreign Language,German,Maria Theresia: Ein Kaiserleben (German Edition),Richard Suchenwirth
Foreign Language,German,Mozart: Genius und Eros,Eva Gesine Baur
Foreign Language,German,Napoleon-Die hundert Tage,Friedrich Sieburg
Foreign Language,German,Salzburg: Die ganze Geschichte der Stadt,Heinz Dopsch
Foreign Language,German,Schloss Heidelberg Im Zeitalter Der Romantik (German Edition),Staatl Schlosser und Garten
Foreign Language,German,Tagebuch der Anne Frank,Anne Frank
Foreign Language,German,"Tintenherz (Tintenwelt, #1)",Cornelia Funke
Foreign Language,German,"Tschechische Märchen: ""Drei Haselnüsse für Aschenbrödel"" und andere Märchen. Reich illustrierte Märchensammlung mit Texten von Karel Jaromír Erben und Božena Němcová (German Edition)",Erich Ackermann
Foreign Language,German,Wien,Johannes Sachslehner
Foreign Language,German,Wien für Anfänger: Vorläufige Bruchstücke zum Entwurf einer Skizze über Land und Leute (HAYMON TASCHENBUCH) (German Edition),Jörg Mauthe
Foreign Language,German Bible,Die Bibel: Altes und Neues Testament in Einheitsübersetzung Band 8,Die Bibel: Altes und Neues Testament in Einheitsübersetzung Band 8
Foreign Language,Manga,"Naruto, Vol. 1: Uzumaki Naruto (Naruto, #1)",Masashi Kishimoto
Foreign Language,Manga,"One Piece, Volume 1: Romance Dawn",Eiichiro Oda
Foreign Language,Manga,"One Piece, Volume 2: Buggy the Clown",Eiichiro Oda
Foreign Language,Manga,"One Piece, Volume 3: Don't Get Fooled Again",Eiichiro Oda
Foreign Language,Manga,"One Piece, Volume 41: Declaration of War",Eiichiro Oda
Foreign Language,Manga,"One Piece, Volume 44: Let's Go Back",Eiichiro Oda
Foreign Language,Manga,"One Piece, Volume 4: The Black Cat Pirates",Eiichiro Oda
Foreign Language,Manga,"One Piece, Volume 5: For Whom the Bell Tolls",Eiichiro Oda
Foreign Language,Manga,"One Piece, Volume 6: The Oath",Eiichiro Oda
Foreign Language,Manga,"One Piece, Volume 7: The Crap-Geezer",Eiichiro Oda
Foreign Language,Manga,"One Piece, Volume 8: I Won't Die",Eiichiro Oda
Foreign Language,Manga,"One Piece, Volume 9: Tears",Eiichiro Oda
Foreign Language,Manga,The Legend of Zelda: Majora's Mask / A Link to the Past -Legendary Edition-: Majora's Mask/A Link to the Past,Akira Himekawa
Foreign Language,Manga,この音とまれ! 1 [Kono Oto Tomare! 1],Amyuu
Foreign Language,Manga,この音とまれ! 13 [Kono Oto Tomare! 13],Amyuu
Foreign Language,Manga,この音とまれ! 14 [Kono Oto Tomare! 14],Amyuu
Foreign Language,Manga,この音とまれ! 26 [Kono Oto Tomare! 26],Amyuu
Foreign Language,Manga,この音とまれ! 32 [Kono Oto Tomare! 32],Amyuu
Foreign Language,Manga,この音とまれ! 33 [Kono Oto Tomare! 33],Amyuu
Foreign Language,Polish,"Pani Jeziora (Saga o Wiedźminie, #5)",Andrzej Sapkowski
Historical Fiction,American West,Centennial,James A. Michener
Historical Fiction,Ancient Rome,Ben-Hur: A Tale of the Christ,Lew Wallace
Historical Fiction,Ancient Rome,"I, Claudius (Claudius, #1)",Robert Graves
Historical Fiction,Baseball,The Celebrant,Eric Rolfe Greenberg
Historical Fiction,Israel,Exodus,Leon Uris
Historical Fiction,LDS,"Pillar of Light (The Work and the Glory, #1)",Gerald N. Lund
Historical Fiction,Medieval,Ivanhoe,Walter  Scott
Historical Fiction,WWII,In Times of Rain and War,Camron Wright
Historical Fiction,WWII,The Book Thief,Markus Zusak
Historical Fiction,WWII,The Fluttering of Angels,Darrell Egbert
Historical Fiction,WWII,The Ravensbruck Legacy: An Historic Novel,Darrell Egbert
Historical Fiction,Western,Brionne,Louis L'Amour
Historical Fiction,Western,Great Tales of the West,Bill Pronzini
Humor,,The Complete Book of Insult,Nancy McPhee
Humor,Comedy memoir,"Still Foolin' 'Em: Where I've Been, Where I'm Going, and Where the Hell Are My Keys",Billy Crystal
Humor,Parenting,The Father of All Dad Guides: From (A)doring to (Z)addy,Madeleine Davies
Modern Fiction,,And the Mountains Echoed,Khaled Hosseini
Modern Fiction,,"Crazy Rich Asians (Crazy Rich Asians, #1)",Kevin Kwan
Modern Fiction,,The Alchemist,Paulo Coelho
Modern Fiction,Afghanistan,The Kite Runner,Khaled Hosseini
Modern Fiction,Austen Spinoff,The Epic Adventures of Lydia Bennet,Kate Rorick
Modern Fiction,Christmas,A Christmas Thief: A Novel,Carol Lynn Pearson
Modern Fiction,Christmas,Christmas Jars,Jason F. Wright
Modern Fiction,Graphic novel,"The Kiss Bet, Vol. 1",Ingrid Ochoa
Modern Fiction,Post-Apocalyptic,The Road,Cormac McCarthy
Modern Fiction,Romance,Broken Dreams (Dream's Edge #1.5),Traci Hunter Abramson
Modern Fiction,Romance,I'm Not Charlotte Lucas,Kasey Stockton
Modern Fiction,Romance,"Royal Duty  (Royal, #5)",Traci Hunter Abramson
Modern Fiction,Romance,"Song of Salzburg (Romance on the Orient Express, #4)",Jen Geigle Johnson
Modern Fiction,Romance,"The Best Mistake (Dream's Edge, #2.5)",Traci Hunter Abramson
Modern Fiction,Western,"All the Pretty Horses (The Border Trilogy, #1)",Cormac McCarthy
Music/Arts/Literature,Actor Memoir,Greenlights,Matthew McConaughey
Music/Arts/Literature,Ballet,George Balanchine: The Ballet Maker,Robert Adams Gottlieb
Music/Arts/Literature,Ballet,The Victor book of ballets and ballet music,Robert Rouben Mamoulian Collection Library of Congress Lawrence
Music/Arts/Literature,Beatles,John,Cynthia Lennon
Music/Arts/Literature,Beatles,The Beatles: The Biography,Bob Spitz
Music/Arts/Literature,Classical music,"30-Second Classical Music: The 50 most significant genres, composers and innovations, each explained in half a minute [Hardcover] [Mar 02, 2017] Joanne Cormac",Joanne Cormac
Music/Arts/Literature,Elvis,Last Train to Memphis: The Rise of Elvis Presley,Peter Guralnick
Music/Arts/Literature,Fashion,Chanel: A Woman of Her Own,Axel Madsen
Music/Arts/Literature,Film,The Story of Cinema: A Complete Narrative History from the Beginnings to the Present,David Shipman
Music/Arts/Literature,Goethe,Goethe: Life as a Work of Art,Rüdiger Safranski
Music/Arts/Literature,Jazz,Pops: A Life of Louis Armstrong,Terry Teachout
Music/Arts/Literature,Leonardo,Leonardo's Notebooks,Leonardo da Vinci
Music/Arts/Literature,Music,The Musical Ascent of Herman Being: A How-To Novel,Robert Danziger
Music/Arts/Literature,Rock music,Life,Keith Richards
Music/Arts/Literature,Romantic Poets,The Friendship: Wordsworth and Coleridge,Adam Sisman
Music/Arts/Literature,Russian Culture,The Magical Chorus: A History of Russian Culture from Tolstoy to Solzhenitsyn,Solomon Volkov
Music/Arts/Literature,Twain,"Autobiography of Mark Twain: Volume 1, Reader's Edition",Mark Twain
Music/Arts/Literature,Writing,They Say / I Say: The Moves That Matter in Academic Writing,Gerald Graff
Mystery/Thriller,,Gone Girl,Gillian Flynn
Mystery/Thriller,,The Third Gambit,Darrell Egbert
Mystery/Thriller,Horror,Blockade Billy,Stephen  King
Mystery/Thriller,Horror,Desperation,Stephen  King
Mystery/Thriller,Jack Ryan,"Patriot Games (Jack Ryan, #1)",Tom Clancy
Mystery/Thriller,Legal,The Client,John Grisham
Mystery/Thriller,Legal,The Pelican Brief,John Grisham
Mystery/Thriller,Poirot,"Murder on the Orient Express (Hercule Poirot, #10)",Agatha Christie
Mystery/Thriller,Sherlock Holmes,"A Study in Scarlet (Sherlock Holmes, #1)",Arthur Conan Doyle
Mystery/Thriller,Sherlock Holmes,The Complete Sherlock Holmes,Arthur Conan Doyle
Mystery/Thriller,Techno-thriller,Airframe,Michael Crichton
Mythology/Folklore,,Bulfinch's Mythology,Thomas Bulfinch
Mythology/Folklore,Arabian Nights,The Thousand and One Nights (The Harvard Classics),Anonymous
Mythology/Folklore,Celtic,The Celtic Quest: An Anthology from Merlin to Van Morrison,Jane Lahr
Mythology/Folklore,Fairy tales,English Fairy Tales and Legends,Rosalind Kerven
Mythology/Folklore,Grail Legend,Beyond the Da Vinci Code: From the Rose Line to the Bloodline,Sangeet Duchane
Mythology/Folklore,Norse Sagas,The Sagas of Icelanders,Jane Smiley
Mythology/Folklore,Urban Legends,The Vanishing Hitchhiker: American Urban Legends and Their Meanings,Jan Harold Brunvand
Philosophy,Aristotle,The Basic Works of Aristotle,Aristotle
Philosophy,Burke,On Taste On the Sublime & Beautiful Reflections on the French Revolution A Letter to a Noble (Harvard Classics),Edmund Burke
Philosophy,Cicero,On Duties,Marcus Tullius Cicero
Philosophy,Enlightenment,French and English Philosophers: Descartes/Rousseau/Voltaire/Hobbes (Harvard Classics 34),Charles William Eliot
Philosophy,Ethics,The Book of Virtues,William J. Bennett
Philosophy,Military Strategy,The Art of War,Sun Tzu
Philosophy,Mind & Math,"Gödel, Escher, Bach: An Eternal Golden Braid",Douglas R. Hofstadter
Philosophy,Montaigne,The Complete Essays of Montaigne,Michel de Montaigne
Philosophy,Plato,"Plato on the Trial and Death of Socrates: Euthyphro, Apology, Crito, Phaedo",Lane Cooper
Philosophy,Political,Utopia,Thomas More
Philosophy,Political Philosophy,Second Treatise of Government (Hackett Classics),John Locke
Philosophy,Political Philosophy,"The Basic Writings of John Stuart Mill: On Liberty, The Subjection of Women, and Utilitarianism",John Stuart Mill
Philosophy,Transcendentalism,"Walden or, Life in the Woods",Henry David Thoreau
Poetry,Anthology,The Worlds Best Poems,Mark van Doren
Poetry,Byron,The Poetry of Lord Byron,Lord Byron
Poetry,Epic,The Divine Comedy: Inferno - Purgatorio - Paradiso,Dante Alighieri
Poetry,Epic,The Iliad & The Odyssey,Homer
Poetry,Epic,Virgil's Aenid: The Original Text with a Literal Interlinear Translation,Virgil
Poetry,Frost,The Poetry of Robert Frost,Robert Frost
Poetry,Keats,The Works of John Keats,John Keats
Poetry,Whitman,Leaves of Grass,Walt Whitman
Politics/Society,,A Conservative History of the American Left,Daniel J. Flynn
Politics/Society,,"Government Bullies: How Everyday  Americans Are Being Arrested, Abused, and Terrorized By the Feds",Rand Paul
Politics/Society,,Liberal Fascism: The Secret History of the American Left from Mussolini to the Politics of Meaning,Jonah Goldberg
Politics/Society,,Rising Out of Hatred: The Awakening of a Former White Nationalist,Eli Saslow
Politics/Society,,Safeguarding Liberty: The Constitution and Citizens Militias,"Lawrence D. ""Larry"" Pratt"
Politics/Society,,The Intimidation Game: How the Left Is Silencing Free Speech,Kimberley Strassel
Politics/Society,,The Naked Socialist: Socialism Taught with The 5000 Year Leap Principles (The Naked Series #3),Paul B. Skousen
Politics/Society,,The Revolution: A Manifesto,Ron Paul
Politics/Society,,The Right Side of History: How Reason and Moral Purpose Made the West Great,Ben Shapiro
Politics/Society,,The challenge of our times,W. Cleon Skousen
Politics/Society,,Unified: How Our Unlikely Friendship Gives Us Hope for a Divided Country,Tim     Scott
Politics/Society,Ancient Rome,How to Win an Election: An Ancient Guide for Modern Politicians,Quintus Tullius Cicero
Politics/Society,Anti-Communism,The Naked Communist,W. Cleon Skousen
Politics/Society,Burke,Reflections on the Revolution in France,Edmund Burke
Politics/Society,Classical Liberalism,The Law,Frédéric Bastiat
Politics/Society,Climate,We Are the Weather: Saving the Planet Begins at Breakfast,Jonathan Safran Foer
Politics/Society,Conservatism,William F. Buckley Jr.: The Maker of a Movement,Lee Edwards
Politics/Society,Founding Principles,The 5000 Year Leap,W. Cleon Skousen
Politics/Society,Global Trends,Factfulness: Ten Reasons We're Wrong About the World – and Why Things Are Better Than You Think,Hans Rosling
Politics/Society,Intellectuals,Intellectuals: From Marx and Tolstoy to Sartre and Chomsky,Paul  Johnson
Politics/Society,Islam,Nomad: From Islam to America: A Personal Journey Through the Clash of Civilizations,Ayaan Hirsi Ali
Politics/Society,Japan,Japan Unbound: A Volatile Nation's Quest for Pride and Purpose,John Nathan
Politics/Society,Judiciary,Men in Black: How Judges are Destroying America,Mark R. Levin
Politics/Society,Marxism,The Communist Manifesto,Karl Marx
Politics/Society,Property Rights,Cornerstone of Liberty: Property Rights in 21st Century America,Timothy Sandefur
Politics/Society,Race,The Souls of Black Folk,W.E.B. Du Bois
Politics/Society,Sowell,Intellectuals and Society,Thomas Sowell
Politics/Society,Tocqueville,Democracy in America,Alexis de Tocqueville
Reference/How-To,Flags,The World Encyclopedia of Flags,Alfred Znamierowski
Reference/How-To,Law,Real Estate Transactions: Examples And Explanations,D. Barlow Burke
Reference/How-To,Parenting,"The Baby Owner's Manual: Operating Instructions, Trouble-Shooting Tips & Advice on First-Year Maintenance",Louis Borgenicht
Reference/How-To,Poker,Poker is the Name of the Game,Walter B. Gibson
Reference/How-To,Travel,Mark Twain's Guide to Heidelberg: His Journey Through Germany in 1878,Mark Twain
Reference/How-To,Travel Guide,Knopf Guide: Prague (Knopf Guides),Alfred A. Knopf Publishing
Religion,,When The King Was Born,Alexander Rob
Religion,Apologetics,The Case for Christ,Lee Strobel
Religion,Augustine,Confessions,Augustine of Hippo
Religion,C.S. Lewis,A Grief Observed,C.S. Lewis
Religion,C.S. Lewis,The Great Divorce,C.S. Lewis
Religion,C.S. Lewis,The Screwtape Letters,C.S. Lewis
Religion,Christian,The Life of Christ,Frederic W. Farrar
Religion,Christian allegory,The Pilgrim's Progress,John Bunyan
Religion,Christianity,A History of Christianity,Paul  Johnson
Religion,Christianity,Mere Christianity,C.S. Lewis
Religion,Early Christianity,Pagans and Christians,Robin Lane Fox
Religion,Hebrew Bible,"Biblical Literacy: The Most Important People, Events, and Ideas of the Hebrew Bible",Joseph Telushkin
Religion,Intelligent Design,Signature in the Cell: DNA and the Evidence for Intelligent Design,Stephen C. Meyer
Religion,Islam,The Holy Quran: English Translation,Anonymous
Religion,Jerusalem,Jerusalem: The Eternal City,D. Kelly Ogden
Religion,LDS,Anxiously Engaged: A Biography of M. Russell Ballard,Susan Easton Black
Religion,LDS,Articles of Faith,James E. Talmage
Religion,LDS,In Their Own Words: Pioneer Women of Faith,Sandra Rast
Religion,LDS,Insights from a Prophets Life: Russell M. Nelson,Sheri Dew
Religion,LDS,"Jesus the Christ: A Study of the Messiah and His Mission According to Holy Scriptures, Both Ancient and Modern",James E. Talmage
Religion,LDS,Joseph Smith: Rough Stone Rolling,Richard L. Bushman
Religion,LDS,Mormon Doctrine,Bruce R. McConkie
Religion,LDS,"My Lord, He Calls Me: Stories of Faith by Black American Latter-day Saints",Alice Faulkner Burch
Religion,LDS,"No Unhallowed Hand: 1846-1893 (Saints, #2)",The Church of Jesus Christ of Latter-day Saints
Religion,LDS,Out of Obscurity : The Church in the Twentieth Century (Sidney B. Sperry Symposium),The Church of Jesus Christ of Latter-day Saints
Religion,LDS,Personal Writings of Joseph Smith,Joseph Smith Jr.
Religion,LDS,Preach My Gospel: A Guide To Missionary Service,The Church of Jesus Christ of Latter-day Saints
Religion,LDS,"The Joseph Smith Papers, Documents, Volume 1: July 1828-June 1831",Michael Hubbard MacKay
Religion,LDS,The Miracle of Forgiveness,Spencer W. Kimball
Religion,LDS,"The Spiritual Physics of Light: How We See, Feel, and Know Truth",Aaron D. Franklin
Religion,LDS,"The Standard of Truth: 1815–1846 (Saints, #1)",The Church of Jesus Christ of Latter-day Saints
Religion,LDS,"Verse by Verse: The Book of Mormon, Volume One: 1 Nephi through Alma 29",D. Kelly Ogden
Religion,LDS,Women Who Believe: Messages of Joy from the Sermon on the Mount,Heather B. Moore
Religion,LDS History,"Nauvoo: A Place of Peace, a People of Promise",Glen M. Leonard
Religion,LDS history,Audacious Women: Early British Mormon Immigrants,Rebecca Bartholomew
Religion,LDS history,"Boldly, Nobly, and Independent: 1893–1955 (Saints, #3)",The Church of Jesus Christ of Latter-day Saints
Religion,LDS history,"Sounded In Every Ear: 1955-2020 (Saints, #4)",The Church of Jesus Christ of Latter-day Saints
Religion,LDS history,The Women of Mormondom,Edward W. Tullidge
Religion,Saints,Lives of Saints with Excepts from their Writings (#1),Thomas Plaßmann
Religion,Scripture,The Complete Dead Sea Scrolls in English,Géza Vermes
Religion,Scripture,Understanding Isaiah,Donald W. Parry
Religion,Theology,St. Augustine: City of God,Augustine of Hippo
Sci-Fi,,"Ender’s Game (Ender's Saga, #1)",Orson Scott Card
Sci-Fi,,Recursion,Blake Crouch
Sci-Fi,,"The Andromeda Strain (Andromeda, #1)",Michael Crichton
Sci-Fi,,The Martian,Andy Weir
Sci-Fi,Asimov,"Foundation (Foundation, #1)",Isaac Asimov
Sci-Fi,Dune,"Dune (Dune, #1)",Frank Herbert
Sci-Fi,Dystopian,Brave New World,Aldous Huxley
Sci-Fi,H.G. Wells,The First Man in the Moon,H.G. Wells
Sci-Fi,H.G. Wells,The Food of the Gods,H.G. Wells
Sci-Fi,H.G. Wells,The Invisible Man,H.G. Wells
Sci-Fi,H.G. Wells,The Island of Dr. Moreau,H.G. Wells
Sci-Fi,H.G. Wells,The Time Machine,H.G. Wells
Sci-Fi,H.G. Wells,The War of the Worlds,H.G. Wells
Sci-Fi,Humor,"The Ultimate Hitchhiker’s Guide to the Galaxy (Hitchhiker's Guide to the Galaxy, #1-5)",Douglas Adams
Sci-Fi,Post-Apocalyptic,The Stand,Stephen  King
Sci-Fi,Sanderson,"Legion (Legion, #1)",Brandon Sanderson
Sci-Fi,Verne,Twenty Thousand Leagues Under the Sea,Jules Verne
Sci-Fi,YA,"Skyward (Skyward, #1)",Brandon Sanderson
Science/Tech/Exploration,,64 Geeks: The Brains Who Shaped Our World,Chas Newkey-Burden
Science/Tech/Exploration,,The Science Book: Big Ideas Simply Explained,Rob Scott Colson
Science/Tech/Exploration,Astronomy,"Fundamental Planetary Science: Physics, Chemistry and Habitability",Jack J. Lissauer
Science/Tech/Exploration,Astronomy,Searching for the Oldest Stars: Ancient Relics from the Early Universe,Anna Frebel
Science/Tech/Exploration,Astronomy,Stargazer's Guide,winterburn-emily
Science/Tech/Exploration,Automotive,The Life of the Automobile: The Complete History of the Motor Car,Steven Parissien
Science/Tech/Exploration,Aviation,Lindbergh,A. Scott Berg
Science/Tech/Exploration,Aviation,The Wright Brothers,David McCullough
Science/Tech/Exploration,Columbus,"Christopher Columbus by Bjorn Landstrom Vintage 1967 Illus., Slipcase, Oversize",Björn Landström
Science/Tech/Exploration,Columbus,"Christopher Columbus: ""A Man Among The Gentiles""",Clark B. Hinckley
Science/Tech/Exploration,Computing,Coders: The Making of a New Tribe and the Remaking of the World,Clive Thompson
Science/Tech/Exploration,Computing,Computer Systems: A Programmer's Perspective,Randal E. Bryant
Science/Tech/Exploration,Computing,Grace Hopper and the Invention of the Information Age,Kurt W. Beyer
Science/Tech/Exploration,Computing,The Friendly Orange Glow: The Untold Story of the PLATO System and the Dawn of Cyberculture,Brian Dear
Science/Tech/Exploration,Computing History,"The Innovators: How a Group of Hackers, Geniuses and Geeks Created the Digital Revolution",Walter Isaacson
Science/Tech/Exploration,Electricity,"Empires of Light: Edison, Tesla, Westinghouse, and the Race to Electrify the World",Jill Jonnes
Science/Tech/Exploration,Enlightenment science,The Lunar Men: Five Friends Whose Curiosity Changed the World,Jenny Uglow
Science/Tech/Exploration,Exploration,Endurance: Shackleton's Incredible Voyage,Alfred Lansing
Science/Tech/Exploration,Exploration,The Travels,Marco Polo
Science/Tech/Exploration,Inventor,Edison,Edmund  Morris
Science/Tech/Exploration,Math,God Created the Integers: The Mathematical Breakthroughs That Changed History,Stephen W. Hawking
Science/Tech/Exploration,Math,Power-Up: Unlocking the Hidden Mathematics in Video Games,Matthew Lane
Science/Tech/Exploration,Math,The Colossal Book of Mathematics,Martin Gardner
Science/Tech/Exploration,Medicine,The Emperor of All Maladies: A Biography of Cancer,Siddhartha Mukherjee
Science/Tech/Exploration,Medicine,"The Medical Book: From Witch Doctors to Robot Surgeons, 250 Milestones in the History of Medicine (Union Square & Co. Milestones)",Clifford A. Pickover
Science/Tech/Exploration,Physics,A Brief History of Time,Stephen W. Hawking
Science/Tech/Exploration,Physics,Beyond Star Trek: Physics from Alien Invasions to the End of Time,Lawrence M. Krauss
Science/Tech/Exploration,Physics,For the Love of Physics: From the End of the Rainbow to the Edge of Time - A Journey Through the Wonders of Physics,Walter Lewin
Science/Tech/Exploration,Physics,"The Elegant Universe: Superstrings, Hidden Dimensions, and the Quest for the Ultimate Theory",Brian Greene
Science/Tech/Exploration,Science essays,Searching for Stars on an Island in Maine,Alan Lightman
Science/Tech/Exploration,Space,Hidden Figures,Margot Lee Shetterly
Science/Tech/Exploration,Space memoir,"Endurance: A Year in Space, A Lifetime of Discovery",Scott    Kelly
Science/Tech/Exploration,Video Games,Assassin's Creed: The Complete Visual History,Matthew       Miller
Science/Tech/Exploration,Video Games,Retro Gaming: A Byte-sized History of Video Games,Mike Diver
Science/Tech/Exploration,Women scientists,Magnificent Minds: Seventeen Pioneering Women in Science and Medicine,Pendred E. Noyce
Science/Tech/Exploration,Women scientists,Remarkable Minds: Seventeen More Pioneering Women in Science and Medicine,Pendred Noyce
Science/Tech/Exploration,xkcd,What If?: Serious Scientific Answers to Absurd Hypothetical Questions,Randall Munroe
Self-Help/Psychology,,"A Beautiful Mind, A Beautiful Life: The Bubz Guide to Being Unstoppable",Lindy Tsang
Self-Help/Psychology,,How to Win Friends & Influence People,Dale Carnegie
Self-Help/Psychology,,Self-Esteem and the Physical You,Anita Canfield
Self-Help/Psychology,,The Anatomy of Peace: Resolving the Heart of Conflict,The Arbinger Institute
Self-Help/Psychology,,Who Moved My Cheese?,Spencer Johnson
Self-Help/Psychology,Decision-Making,Smart Choices: A Practical Guide to Making Better Decisions,John S. Hammond
Self-Help/Psychology,Leadership,Leadership and Self-Deception: Getting Out of the Box,The Arbinger Institute
Self-Help/Psychology,Peterson,Beyond Order: 12 More Rules For Life,Jordan B. Peterson
Sports,Baseball,Baseball: The Golden Age (Oxford Paperbacks),Harold Seymour
Sports,Baseball,Baseball: The Turbulent Midcentury Years,Steven P. Gietschier
Sports,Baseball,Basic Baseball Strategy: An Introduction for Coaches and Players,Chuck Freeman
Sports,Baseball,"Forever Blue: The True Story of Walter O'Malley, Baseball's Most Controversial Owner, and the Dodgers of Brooklyn and Los Angeles",Michael D'Antonio
Sports,Baseball,K: A History of Baseball in Ten Pitches (Random House Large Print),Tyler Kepner
Sports,Baseball,Moneyball,Michael   Lewis
Sports,Baseball,"Now I Can Die in Peace: How ESPN's Sports Guy Found Salvation, with a Little Help from Nomar, Pedro, Shawshank and the 2004 Red Sox",Bill Simmons
Sports,Baseball,Sandy Koufax: A Lefty's Legacy,Jane Leavy
Sports,Baseball,Shades of Glory: The Negro Leagues & the Story of African-American Baseball,Lawrence D. Hogan
Sports,Baseball,"Sixty Feet, Six Inches: A Hall of Fame Pitcher & a Hall of Fame Hitter Talk About How the Game Is Played",Bob Gibson
Sports,Baseball,Sports Illustrated: The Baseball Book,Sports Illustrated
Sports,Baseball,Summer of '49,David Halberstam
Sports,Baseball,The Baseball 100,Joe Posnanski
Sports,Baseball,The Baseball Chronicle: Year-By-Year History of Major League Baseball,Publications International
Sports,Baseball,The Boys of Summer,Roger Kahn
Sports,Baseball,The Cubs Way: The Zen of Building the Best Team in Baseball and Breaking the Curse,Tom Verducci
Sports,Baseball,The Kid: The Immortal Life of Ted Williams,Ben Bradlee Jr.
Sports,Baseball,The Little Big Book of Baseball,Hiro Clark Wakabayashi
Sports,Baseball,The Lords of Baseball: A Wry Look at a Side of the Game the Fan Seldom Sees - The Front Office,Harold Parrott
Sports,Baseball,The Only Way I Know: With Highlights from the 1997 Season,Cal Ripken Jr.
Sports,Baseball,"The Streak: Lou Gehrig, Cal Ripken Jr., and Baseball's Most Historic Record",John Eisenberg
Sports,Baseball,The Yankee Years,Joe Torre
Sports,Baseball,"Watching Baseball Smarter: A Professional Fan's Guide for Beginners, Semi-experts, and Deeply Serious Geeks",Zack Hample
Sports,Baseball,"Willie Mays: The Life, The Legend",James S. Hirsch
Sports,Baseball,Yogi: It Ain't Over,Yogi Berra
Sports,Basketball,Doc: The Rise and Rise of Julius Erving,Vincent M. Mallozzi
Sports,Basketball,Eleven Rings: The Soul of Success,Phil Jackson
Sports,Basketball,Playing for Keeps: Michael Jordan and the World He Made,David Halberstam
Sports,Basketball,The Book of Basketball: The NBA According to The Sports Guy,Bill Simmons
Sports,Boxing,King of the World: Muhammad Ali and the Rise of an American Hero,David Remnick
Sports,Chess,Bobby Fischer Teaches Chess,Bobby Fischer
Sports,Chess,Chess Basics,David Levens
Sports,Figure Skating,My Sergei: A Love Story,Ekaterina Gordeeva
Sports,Golf,"The Grand Slam: Bobby Jones, America, and the Story of Golf",Mark Frost
Sports,Rowing,The Boys in the Boat: Nine Americans and Their Epic Quest for Gold at the 1936 Berlin Olympics,Daniel James Brown
Sports,Running,"Born to Run: A Hidden Tribe, Superathletes, and the Greatest Race the World Has Never Seen",Christopher McDougall
Sports,Scrabble,"Word Freak: Heartbreak, Triumph, Genius, and Obsession in the World of Competitive Scrabble Players",Stefan Fatsis
Sports,Soccer,The Ball is Round: A Global History of Soccer,David Goldblatt
Sports,Sports media,Republicans Buy Sneakers Too: How the Left Is Ruining Sports with Politics,Clay Travis
Sports,Ultimate,Ultimate: The Greatest Sport Ever Invented by Man,Pasquale Anthony Leonardo
Sports,Ultimate Frisbee,"Ultimate Glory: Frisbee, Obsession, and My Wild Youth",David Gessner
World History,,1688: A Global History,John E. Wills Jr.
World History,,The Illustrated World History: A Record Of World Events From Earliest Historical Times To The Present Day,John Alexander Hammerton
World History,19th Century,The Birth of the Modern: World Society 1815-1830,Paul  Johnson
World History,20th Century,Modern Times: The World from the Twenties to the Nineties,Paul  Johnson
World History,20th Century,The War of the World: Twentieth-Century Conflict and the Descent of the West,Niall Ferguson
World History,Ancient,The History of the Ancient World: From the Earliest Accounts to the Fall of Rome,Susan Wise Bauer
World History,Ancient Judea,The New Complete Works of Josephus,Flavius Josephus
World History,Aztecs,"Conquest: Montezuma, Cortés and the Fall of Old Mexico",Hugh Thomas
World History,Big History,"Guns, Germs, and Steel: The Fates of Human Societies",Jared Diamond
World History,Bolivar,Simón Bolívar: A Life,John   Lynch
World History,China,The Search For Modern China,Jonathan D. Spence
World History,Gandhi,Gandhi: An Autobiography,Mahatma Gandhi
World History,Incas,History Of The Conquest Of Peru,William Hickling Prescott
World History,India,"The Anarchy: The East India Company, Corporate Violence, and the Pillage of an Empire",William Dalrymple
World History,Islam,Crusade and Jihad: The Thousand-Year War Between the Muslim World and the Global North,William R. Polk
World History,Israel,Israel : A History,Martin  Gilbert
World History,Japan,Hirohito and the Making of Modern Japan,Herbert P. Bix
World History,Japan,Premodern Japan: A Historical Survey,Mikiso Hane
World History,Japan,Showa 1926-1939: A History of Japan,Shigeru Mizuki
World History,Jewish History,"The Story of the Jews: Finding the Words, 1000 BCE – 1492 CE",Simon Schama
World History,Jewish history,A History of the Jews,Paul  Johnson
World History,Latin America,Born in Blood and Fire: A Concise History of Latin America,John Charles Chasteen
World History,Latin America,Che Guevara: A Revolutionary Life,Jon Lee Anderson
World History,Medieval,The History of the Medieval World: From the Conversion of Constantine to the First Crusade,Susan Wise Bauer
World History,Middle East,A History of the Arab Peoples,Albert Hourani
World History,Mongols,Genghis Khan and the Making of the Modern World,Jack Weatherford
World History,North Korea,Under the Loving Care of the Fatherly Leader: North Korea and the Kim Dynasty,Bradley K. Martin
World History,Pacific,"Pacific: Silicon Chips and Surfboards, Coral Reefs and Atom Bombs, Brutal Dictators, Fading Empires, and the Coming Collision of the World's Superpowers",Simon Winchester
World History,Royalty,Princesses Behaving Badly: Real Stories from History—Without the Fairy-Tale Endings,Linda Rodríguez McRobbie
World History,Six-Day War,Fantastic Victory,W. Cleon Skousen
World History,Speeches,Speeches That Changed the World,Simon Sebag Montefiore
World History,Strategy,Strategy: A History,Lawrence Freedman
World History,Syria,Syria Burning: A Short History of a Catastrophe,Charles Glass
World History,Vietnam,Vietnam: A History,Stanley Karnow
World History,WWII,"A War of Empires: Japan, India, Burma and Britain: 1941–45",Robert Lyman
World History,WWII,A World at Arms: A Global History of World War II,Gerhard L. Weinberg
World History,WWII,The Second World Wars: How the First Global Conflict Was Fought and Won,Victor Davis Hanson
